https://www.massagekl.com/blog/bangsar-hotel-outcall-massage-guide.html,https://www.massagekl.com/massage-bangsar/hotel-outcall-guide/,301,TRUE
https://www.massagekl.com/klcc-best-time-book-massage.html,https://www.massagekl.com/massage-klcc/best-time-to-book/,301,TRUE
https://www.massagekl.com/blog/klcc-best-time-book-massage.html,https://www.massagekl.com/massage-klcc/best-time-to-book/,301,TRUE
https://www.massagekl.com/blog/best-massage-in-kl-for-ladies.html,https://www.massagekl.com/massage-kuala-lumpur/best-massage-in-kl-for-ladies/,301,TRUE
https://www.massagekl.com/blog/best-massage-in-kl-professional-wellness-massage-kuala-lumpur.html,https://www.massagekl.com/massage-kuala-lumpur/best-massage-in-kl-wellness-guide/,301,TRUE
https://www.massagekl.com/blog/best-massage-kl-kuala-lumpur.html,https://www.massagekl.com/massage-kuala-lumpur/best-massage-kl-kuala-lumpur/,301,TRUE
https://www.massagekl.com/klcc-hotel-residence-massage.html,https://www.massagekl.com/massage-klcc/private-massage-hotels-residences/,301,TRUE
https://www.massagekl.com/klcc-business-traveller-massage.html,https://www.massagekl.com/massage-klcc/business-traveller-guide/,301,TRUE
https://www.massagekl.com/blog/best-massage-klcc-hotel-guests.html,https://www.massagekl.com/massage-klcc/best-massage-klcc-hotel-guests/,301,TRUE
https://www.massagekl.com/blog/hotel-massage-bukit-bintang.html,https://www.massagekl.com/massage-bukit-bintang/hotel-massage-bukit-bintang/,301,TRUE
https://www.massagekl.com/blog/lingam-massage-for-men-in-kuala-lumpur.html,https://www.massagekl.com/massage-kuala-lumpur/lingam-massage-for-men-in-kuala-lumpur/,301,TRUE
https://www.massagekl.com/blog/massage-for-stress-relief-in-kuala-lumpur.html,https://www.massagekl.com/massage-kuala-lumpur/massage-for-stress-relief-in-kuala-lumpur/,301,TRUE
https://www.massagekl.com/blog/mont-kiara-private-massage-booking-tips.html,https://www.massagekl.com/massage-mont-kiara/booking-tips/,301,TRUE
https://www.massagekl.com/blog/premium-massage-in-kuala-lumpur-relaxation-wellness-near-you.html,https://www.massagekl.com/massage-kuala-lumpur/premium-relaxation-wellness/,301,TRUE
https://www.massagekl.com/massage-klcc/why-massage/,https://www.massagekl.com/massage-klcc/best-time-to-book/,301,TRUE
https://www.massagekl.com/blog/relaxing-tantric-yoni-massage-in-kuala-lumpur.html,https://www.massagekl.com/tantric-massage-kuala-lumpur/,301,TRUE
https://www.massagekl.com/blog/tantric-yoni-massage-in-kuala-lumpur.html,https://www.massagekl.com/tantric-massage-kuala-lumpur/,301,TRUE
https://www.massagekl.com/massage-kuala-lumpur/tantric-yoni-massage-for-ladies-couples-in-kl/,https://www.massagekl.com/tantric-massage-kuala-lumpur/,301,TRUE
https://www.massagekl.com/blog/why-choose-massage-kl-for-the-best-tantric-wellness-massage-in-kuala-lumpur-selangor.html,https://www.massagekl.com/massage-kuala-lumpur/why-choose-massage-kl-for-the-best-tantric-wellness-massage-in-kuala-lumpur-selangor/,301,TRUE
